	Artwork-Id	type	district	environment	countArtists	experience	replaced	content	userRating
0	32048698	painting	Treptow-Köpenick	main street	2	first time	nothing	animals or plants	4
1	39800694	painting	Treptow-Köpenick	park	3	beginner	poster	political	2
2	80318972	graffiti	Treptow-Köpenick	public spot	3	beginner	stickers and tags	scenery	4
3	74478002	graffiti	Treptow-Köpenick	main street	4	first time	recent graffiti	cartoon or comical	4
4	71449602	painting	Steglitz-Zehlendorf	side street	3	beginner	poster	cartoon or comical	
5	19676513	painting	Lichtenberg	side street	2	first time	stickers and tags	animals or plants	3
6	90793891	graffiti	Neukölln	side street	1	professional	weathered graffiti	conceptual	4
7	68698092	graffiti	Steglitz-Zehlendorf	main street	2	beginner	weathered painting	political	4
8	56310154	painting	Charlottenburg-Wilmersdorf	main street	2	first time	recent graffiti	scenery	2
9	13371124	painting	Pankow	park	4	beginner	stickers and tags	political	3
10	50898390	graffiti	Friedrichshain-Kreuzberg	park	1	first time	recent graffiti	animals or plants	1
11	78377253	painting	Lichtenberg	park	5	first time	nothing	animals or plants	3
12	10747023	painting	Neukölln	main street	2	first time	recent painting	animals or plants	4
13	65671013	graffiti	Treptow-Köpenick	side street	1	advanced	poster	cartoon or comical	2
14	79129701	graffiti	Spandau	side street	1	beginner	weathered graffiti	scenery	4
15	56907997	painting	Mitte	side street	1	first time	stickers and tags	animals or plants	4
16	54704311	painting	Pankow	main street	1	beginner	weathered painting	people	2
17	71002051	painting	Spandau	public spot	1	beginner	weathered graffiti	conceptual	5
18	26839663	painting	Treptow-Köpenick	public spot	4	advanced	stickers and tags	political	5
19	66032768	graffiti	Spandau	public spot	2	advanced	recent graffiti	animals or plants	1
20	59508470	painting	Mitte	public spot	2	beginner	poster	scenery	3
21	95121314	painting	Charlottenburg-Wilmersdorf	main street	2	first time	weathered painting	animals or plants	3
22	50217392	graffiti	Marzahn-Hellersdorf	main street	2	professional	weathered graffiti	conceptual	4
23	94922999	painting	Mitte	park	1	professional	poster	animals or plants	2
24	53276423	poster	Friedrichshain-Kreuzberg	main street	2	first time	nothing	political	3
25	36316165	painting	Friedrichshain-Kreuzberg	side street	1	first time	nothing	cartoon or comical	2
26	96502597	poster	Lichtenberg	playground	3	professional	weathered graffiti	animals or plants	3
27	34004006	poster	Treptow-Köpenick	main street	3	advanced	weathered graffiti	people	5
28	44923389	painting	Steglitz-Zehlendorf	side street	2	beginner	weathered painting	cartoon or comical	
29	12662290	painting	Steglitz-Zehlendorf	side street	4	beginner	weathered graffiti	animals or plants	4
30	93553285	poster	Tempelhof-Schöneberg	side street	1	beginner	stickers and tags	political	4
31	44163421	painting	Mitte	main street	4	beginner	poster	scenery	5
32	27897792	painting	Charlottenburg-Wilmersdorf	main street	5	first time	weathered painting	people	3
33	58593968	graffiti	Mitte	side street	4	professional	recent graffiti	conceptual	5
34	73364947	graffiti	Neukölln	playground	1	beginner	text	political	3
35	28343947	text	Mitte	main street	2	advanced	weathered painting	scenery	5
36	84925548	text	Reinickendorf	side street	2	beginner	stickers and tags	cartoon or comical	5
37	42754985	painting	Neukölln	main street	5	first time	nothing	people	5
38	91078541	graffiti	Marzahn-Hellersdorf	main street	3	first time	stickers and tags	scenery	2
39	80055331	stencil	Marzahn-Hellersdorf	side street	1	beginner	text	scenery	2
40	81410802	painting	Reinickendorf	public spot	2	advanced	poster	conceptual	4
41	42627225	graffiti	Charlottenburg-Wilmersdorf	main street	3	advanced	stickers and tags	people	3
42	67819749	painting	Mitte	public spot	3	advanced	recent graffiti	cartoon or comical	3
43	72676548	painting	Friedrichshain-Kreuzberg	main street	4	advanced	text	animals or plants	4
44	30242902	painting	Tempelhof-Schöneberg	side street	2	professional	recent graffiti	cartoon or comical	4
45	63897153	painting	Mitte	side street	2	professional	nothing	political	
46	28271138	painting	Tempelhof-Schöneberg	park	3	advanced	text	animals or plants	5
47	11682849	graffiti	Neukölln	side street	2	beginner	weathered graffiti	conceptual	4
48	52657097	graffiti	Lichtenberg	main street	2	beginner	poster	animals or plants	4
49	28900264	text	Spandau	public spot	1	advanced	weathered graffiti	people	4
50	91518332	graffiti	Friedrichshain-Kreuzberg	park	2	beginner	text	scenery	4
51	68295127	poster	Marzahn-Hellersdorf	main street	3	first time	recent graffiti	animals or plants	2
52	38425036	painting	Pankow	side street	5	first time	weathered graffiti	conceptual	3
53	16814102	painting	Marzahn-Hellersdorf	main street	5	first time	poster	people	3
54	41628724	graffiti	Neukölln	park	2	advanced	stickers and tags	conceptual	
55	15911095	painting	Steglitz-Zehlendorf	playground	5	first time	weathered graffiti	scenery	3
56	25992096	graffiti	Spandau	main street	3	first time	stickers and tags	cartoon or comical	2
57	58762103	painting	Reinickendorf	public spot	2	beginner	weathered graffiti	political	5
58	69570056	poster	Treptow-Köpenick	side street	3	beginner	recent painting	conceptual	1
59	54862649	graffiti	Spandau	main street	1	beginner	poster	political	1
60	40988727	painting	Spandau	park	2	first time	weathered graffiti	conceptual	1
61	52115770	graffiti	Reinickendorf	side street	1	advanced	recent painting	political	5
62	83187483	graffiti	Lichtenberg	main street	4	first time	weathered graffiti	scenery	2
63	93974507	painting	Neukölln	main street	3	advanced	recent painting	political	4
64	44212685	painting	Tempelhof-Schöneberg	main street	4	first time	nothing	cartoon or comical	5
65	45011143	poster	Reinickendorf	park	3	beginner	nothing	cartoon or comical	3
66	15144179	painting	Steglitz-Zehlendorf	park	2	beginner	nothing	animals or plants	1
67	93412916	painting	Reinickendorf	main street	2	beginner	stickers and tags	scenery	4
68	27645290	text	Friedrichshain-Kreuzberg	playground	2	first time	weathered graffiti	people	
69	52639699	painting	Spandau	playground	4	advanced	weathered graffiti	conceptual	2
70	27293584	painting	Tempelhof-Schöneberg	side street	2	advanced	weathered graffiti	people	1
71	23853647	painting	Steglitz-Zehlendorf	side street	2	first time	poster	political	3
72	80518860	painting	Treptow-Köpenick	side street	2	advanced	poster	scenery	4
73	81266457	painting	Tempelhof-Schöneberg	public spot	4	beginner	recent graffiti	people	3
74	89930310	graffiti	Spandau	public spot	3	beginner	poster	people	2
75	48691643	poster	Steglitz-Zehlendorf	main street	3	first time	weathered graffiti	conceptual	3
76	98563482	graffiti	Tempelhof-Schöneberg	side street	2	first time	poster	political	4
77	60484755	poster	Marzahn-Hellersdorf	side street	2	advanced	stickers and tags	animals or plants	5
78	32181203	poster	Marzahn-Hellersdorf	side street	1	advanced	nothing	animals or plants	4
79	51620941	graffiti	Friedrichshain-Kreuzberg	main street	2	professional	weathered painting	animals or plants	5
80	67366587	painting	Neukölln	main street	1	advanced	weathered graffiti	people	2
81	26503288	painting	Tempelhof-Schöneberg	park	2	beginner	weathered graffiti	conceptual	
82	42923234	painting	Charlottenburg-Wilmersdorf	side street	1	first time	weathered graffiti	scenery	3
83	25174809	graffiti	Lichtenberg	public spot	4	beginner	nothing	scenery	
84	10967766	poster	Friedrichshain-Kreuzberg	main street	1	advanced	nothing	conceptual	
85	21590245	graffiti	Friedrichshain-Kreuzberg	main street	4	beginner	weathered graffiti	cartoon or comical	3
86	39768232	graffiti	Friedrichshain-Kreuzberg	park	4	advanced	weathered graffiti	cartoon or comical	5
87	66607534	graffiti	Mitte	public spot	2	first time	recent painting	conceptual	3
88	12009657	graffiti	Friedrichshain-Kreuzberg	park	4	beginner	poster	scenery	4
89	79818678	painting	Treptow-Köpenick	side street	3	beginner	weathered graffiti	scenery	
90	18397016	graffiti	Spandau	side street	3	professional	weathered graffiti	people	4
91	43225021	graffiti	Reinickendorf	main street	3	beginner	stickers and tags	political	2
92	32034013	stencil	Lichtenberg	public spot	2	first time	weathered graffiti	political	
93	58510078	painting	Steglitz-Zehlendorf	park	4	advanced	weathered painting	people	3
94	45413650	painting	Charlottenburg-Wilmersdorf	playground	1	advanced	weathered painting	political	4
95	38227169	painting	Tempelhof-Schöneberg	side street	2	first time	stickers and tags	animals or plants	2
96	26569920	painting	Spandau	side street	3	beginner	nothing	animals or plants	3
97	36064137	graffiti	Charlottenburg-Wilmersdorf	park	3	beginner	recent painting	political	5
98	16228836	graffiti	Reinickendorf	side street	4	beginner	weathered graffiti	people	4
99	13541288	painting	Tempelhof-Schöneberg	main street	4	beginner	recent graffiti	animals or plants	5
100	64497279	graffiti	Steglitz-Zehlendorf	park	3	advanced	poster	animals or plants	4
101	88593018	painting	Pankow	side street	2	beginner	weathered graffiti	cartoon or comical	4
102	78888052	graffiti	Spandau	main street	5	advanced	weathered graffiti	animals or plants	4
103	32862167	painting	Treptow-Köpenick	side street	2	beginner	nothing	political	4
104	52033889	stencil	Pankow	side street	2	beginner	recent graffiti	animals or plants	3
105	13719187	painting	Spandau	main street	4	advanced	weathered painting	conceptual	4
106	14959116	painting	Pankow	park	3	professional	recent graffiti	cartoon or comical	4
107	87258293	graffiti	Mitte	side street	1	beginner	recent graffiti	animals or plants	2
108	92722676	painting	Tempelhof-Schöneberg	side street	2	beginner	poster	political	
109	91966865	painting	Charlottenburg-Wilmersdorf	main street	3	first time	stickers and tags	political	3
110	39553195	painting	Tempelhof-Schöneberg	public spot	3	beginner	nothing	cartoon or comical	4
111	37075390	painting	Marzahn-Hellersdorf	main street	3	beginner	stickers and tags	cartoon or comical	4
112	52702272	painting	Marzahn-Hellersdorf	public spot	1	beginner	poster	political	3
113	36517246	graffiti	Reinickendorf	side street	2	beginner	weathered painting	animals or plants	4
114	61914942	graffiti	Marzahn-Hellersdorf	side street	1	advanced	weathered painting	scenery	
115	53467109	painting	Pankow	park	1	advanced	stickers and tags	people	2
116	11383328	painting	Treptow-Köpenick	main street	4	advanced	weathered graffiti	people	
117	85262608	painting	Treptow-Köpenick	public spot	2	advanced	stickers and tags	cartoon or comical	
118	79399720	text	Marzahn-Hellersdorf	main street	3	first time	weathered graffiti	people	2
119	70292679	painting	Treptow-Köpenick	side street	3	first time	recent painting	cartoon or comical	3
120	55314224	graffiti	Steglitz-Zehlendorf	main street	2	beginner	weathered painting	conceptual	3
121	59546279	painting	Pankow	side street	4	beginner	recent graffiti	animals or plants	5
122	74010772	painting	Lichtenberg	park	1	advanced	poster	cartoon or comical	2
123	40330552	graffiti	Mitte	park	2	beginner	stickers and tags	conceptual	1
124	19205002	graffiti	Steglitz-Zehlendorf	side street	4	first time	recent graffiti	people	3
125	20741676	painting	Charlottenburg-Wilmersdorf	main street	1	beginner	recent painting	animals or plants	3
126	14911034	painting	Lichtenberg	main street	4	beginner	poster	scenery	
127	66493776	painting	Mitte	main street	4	beginner	stickers and tags	animals or plants	3
128	78059713	poster	Charlottenburg-Wilmersdorf	public spot	2	advanced	stickers and tags	conceptual	1
129	14766441	painting	Reinickendorf	playground	3	first time	nothing	political	
130	32745198	painting	Spandau	public spot	2	first time	recent graffiti	cartoon or comical	4
131	71158136	graffiti	Treptow-Köpenick	playground	2	beginner	stickers and tags	animals or plants	4
132	57201840	graffiti	Steglitz-Zehlendorf	public spot	2	advanced	recent graffiti	conceptual	5
133	39661503	graffiti	Neukölln	park	3	advanced	stickers and tags	people	3
134	39690421	painting	Marzahn-Hellersdorf	main street	1	beginner	weathered graffiti	scenery	2
135	14217691	painting	Charlottenburg-Wilmersdorf	side street	1	first time	weathered graffiti	political	2
136	39261073	graffiti	Steglitz-Zehlendorf	main street	2	first time	recent graffiti	cartoon or comical	1
137	41394909	painting	Charlottenburg-Wilmersdorf	main street	2	first time	weathered painting	animals or plants	3
138	33632243	poster	Pankow	public spot	3	advanced	recent graffiti	cartoon or comical	5
139	61625756	painting	Treptow-Köpenick	public spot	1	first time	weathered graffiti	political	5
140	22917952	graffiti	Tempelhof-Schöneberg	main street	4	beginner	weathered painting	cartoon or comical	5
141	13712110	painting	Neukölln	public spot	2	first time	poster	people	1
142	77024207	painting	Neukölln	main street	2	beginner	poster	animals or plants	4
143	61359563	graffiti	Neukölln	main street	2	advanced	weathered graffiti	people	5
144	22441701	painting	Steglitz-Zehlendorf	main street	2	professional	weathered graffiti	conceptual	5
145	57551633	graffiti	Pankow	side street	2	beginner	text	political	3
146	95279327	graffiti	Spandau	main street	1	first time	recent graffiti	people	5
147	27996024	painting	Steglitz-Zehlendorf	side street	2	advanced	nothing	conceptual	1
148	97536686	graffiti	Spandau	side street	1	first time	weathered graffiti	animals or plants	
149	20822971	painting	Reinickendorf	playground	3	beginner	stickers and tags	political	3
150	64270954	painting	Charlottenburg-Wilmersdorf	side street	2	first time	poster	conceptual	4
151	47930984	painting	Reinickendorf	main street	4	first time	weathered painting	people	2
152	98009137	painting	Reinickendorf	side street	2	beginner	weathered graffiti	conceptual	3
153	38685474	graffiti	Marzahn-Hellersdorf	main street	4	professional	recent graffiti	political	
154	90708884	graffiti	Spandau	main street	4	advanced	poster	animals or plants	2
155	70001339	graffiti	Marzahn-Hellersdorf	playground	1	advanced	weathered graffiti	people	
156	25627035	painting	Marzahn-Hellersdorf	park	3	first time	nothing	cartoon or comical	1
157	16897318	graffiti	Pankow	side street	3	advanced	stickers and tags	animals or plants	4
158	18357394	graffiti	Lichtenberg	side street	2	beginner	stickers and tags	cartoon or comical	
159	22798254	painting	Steglitz-Zehlendorf	main street	4	first time	nothing	animals or plants	3
160	22515055	graffiti	Friedrichshain-Kreuzberg	side street	1	professional	poster	conceptual	4
161	27889895	graffiti	Treptow-Köpenick	public spot	3	professional	nothing	animals or plants	4
162	71151505	painting	Mitte	public spot	3	first time	weathered graffiti	political	3
163	42040026	painting	Steglitz-Zehlendorf	side street	4	advanced	recent graffiti	political	2
164	38866058	painting	Friedrichshain-Kreuzberg	public spot	2	beginner	poster	animals or plants	1
165	74763972	poster	Marzahn-Hellersdorf	park	1	first time	weathered painting	scenery	3
166	82903806	text	Treptow-Köpenick	side street	1	beginner	nothing	conceptual	2
167	24665907	graffiti	Neukölln	public spot	1	first time	nothing	people	3
168	44950734	painting	Spandau	public spot	2	advanced	text	animals or plants	5
169	10880906	painting	Pankow	main street	4	beginner	weathered graffiti	conceptual	3
170	60635419	graffiti	Pankow	side street	4	advanced	nothing	people	2
171	38099060	graffiti	Lichtenberg	main street	4	first time	recent graffiti	cartoon or comical	1
172	66883595	painting	Treptow-Köpenick	public spot	2	first time	poster	political	4
173	60836224	painting	Pankow	side street	2	beginner	stickers and tags	cartoon or comical	3
174	69458480	poster	Neukölln	side street	4	beginner	recent painting	scenery	1
175	15401717	painting	Lichtenberg	park	2	advanced	nothing	conceptual	3
176	95101874	painting	Treptow-Köpenick	side street	2	advanced	weathered painting	scenery	
177	34869285	painting	Pankow	side street	3	first time	recent graffiti	conceptual	1
178	28424580	painting	Mitte	main street	3	advanced	stickers and tags	conceptual	4
179	92815161	painting	Mitte	main street	1	first time	stickers and tags	scenery	3
180	70384260	painting	Marzahn-Hellersdorf	side street	2	professional	stickers and tags	conceptual	4
181	37817835	painting	Marzahn-Hellersdorf	public spot	3	first time	stickers and tags	people	3
182	47701566	stencil	Reinickendorf	side street	2	beginner	weathered graffiti	cartoon or comical	3
183	52760741	painting	Pankow	side street	3	advanced	weathered painting	political	4
184	32475480	poster	Marzahn-Hellersdorf	public spot	4	beginner	weathered graffiti	conceptual	2
185	91870368	painting	Charlottenburg-Wilmersdorf	main street	1	advanced	text	animals or plants	5
186	68248155	painting	Steglitz-Zehlendorf	main street	1	advanced	weathered painting	scenery	4
187	77743201	graffiti	Reinickendorf	side street	3	advanced	stickers and tags	conceptual	2
188	42814096	painting	Neukölln	main street	1	first time	weathered graffiti	scenery	3
189	93948744	graffiti	Tempelhof-Schöneberg	side street	2	beginner	stickers and tags	cartoon or comical	4
190	91639786	painting	Pankow	side street	4	advanced	stickers and tags	scenery	5
191	44553511	poster	Lichtenberg	main street	2	advanced	poster	people	5
192	73300555	poster	Pankow	side street	2	first time	weathered painting	people	2
193	57787493	painting	Treptow-Köpenick	side street	5	first time	text	conceptual	1
194	88862787	graffiti	Spandau	side street	2	beginner	poster	political	3
195	50717381	poster	Pankow	main street	3	first time	nothing	scenery	3
196	25288281	painting	Lichtenberg	side street	2	professional	stickers and tags	scenery	4
197	28878870	painting	Spandau	side street	1	advanced	nothing	animals or plants	2
198	15175444	graffiti	Neukölln	side street	1	beginner	weathered painting	political	3
199	17837977	text	Friedrichshain-Kreuzberg	park	1	advanced	stickers and tags	conceptual	4
200	25321611	painting	Lichtenberg	main street	1	advanced	nothing	animals or plants	5
201	29880780	stencil	Pankow	side street	3	advanced	stickers and tags	political	5
202	95095386	graffiti	Charlottenburg-Wilmersdorf	main street	1	first time	recent graffiti	political	2
203	85678750	painting	Reinickendorf	public spot	2	beginner	poster	cartoon or comical	1
204	45100032	graffiti	Reinickendorf	park	1	first time	poster	political	2
205	86135480	graffiti	Steglitz-Zehlendorf	side street	3	professional	weathered graffiti	scenery	
206	79308376	painting	Reinickendorf	main street	3	first time	weathered graffiti	political	3
207	97908877	painting	Treptow-Köpenick	public spot	2	beginner	nothing	cartoon or comical	4
208	98540473	graffiti	Friedrichshain-Kreuzberg	public spot	1	first time	recent graffiti	people	2
209	69745362	painting	Lichtenberg	main street	3	beginner	nothing	people	2
210	26934478	graffiti	Tempelhof-Schöneberg	main street	1	first time	recent painting	animals or plants	
211	26210810	poster	Spandau	side street	2	first time	weathered graffiti	political	
212	80758935	painting	Spandau	park	3	advanced	text	conceptual	3
213	78782885	graffiti	Pankow	park	4	advanced	recent graffiti	political	3
214	18818706	painting	Mitte	side street	1	beginner	weathered graffiti	conceptual	3
215	26208164	painting	Treptow-Köpenick	side street	4	beginner	nothing	people	5
216	47303805	graffiti	Reinickendorf	park	3	first time	nothing	animals or plants	3
217	11394839	stencil	Pankow	main street	4	beginner	recent graffiti	cartoon or comical	3
218	40937537	graffiti	Neukölln	public spot	4	beginner	stickers and tags	animals or plants	3
219	33166386	poster	Reinickendorf	main street	2	advanced	weathered painting	animals or plants	4
220	75301897	text	Marzahn-Hellersdorf	main street	3	beginner	weathered graffiti	political	5
221	52685306	graffiti	Lichtenberg	side street	1	first time	weathered graffiti	people	
222	97856864	text	Treptow-Köpenick	side street	2	beginner	nothing	people	3
223	11814714	graffiti	Lichtenberg	playground	5	beginner	weathered graffiti	cartoon or comical	3
224	20356038	graffiti	Lichtenberg	public spot	2	first time	stickers and tags	animals or plants	3
225	91125524	graffiti	Reinickendorf	main street	1	advanced	text	scenery	
226	10433709	painting	Neukölln	main street	2	beginner	weathered painting	political	3
227	43170272	painting	Neukölln	main street	2	beginner	weathered graffiti	animals or plants	2
228	28952135	painting	Friedrichshain-Kreuzberg	public spot	1	first time	stickers and tags	political	
229	57541774	text	Neukölln	main street	2	advanced	recent graffiti	people	2
230	20919901	painting	Spandau	main street	2	beginner	stickers and tags	cartoon or comical	4
231	89963417	painting	Lichtenberg	main street	4	advanced	poster	cartoon or comical	5
232	17535851	poster	Treptow-Köpenick	main street	2	beginner	recent painting	political	4
233	44578530	painting	Tempelhof-Schöneberg	main street	1	advanced	poster	animals or plants	2
234	48090009	painting	Reinickendorf	park	2	professional	recent painting	animals or plants	4
235	60021582	painting	Friedrichshain-Kreuzberg	side street	2	advanced	text	conceptual	2
236	79988343	stencil	Reinickendorf	main street	4	beginner	stickers and tags	political	1
237	63244821	graffiti	Spandau	main street	2	professional	poster	people	4
238	12694075	graffiti	Pankow	main street	2	beginner	weathered graffiti	scenery	
239	62808126	painting	Mitte	main street	2	first time	stickers and tags	cartoon or comical	4
240	65641428	poster	Spandau	public spot	4	first time	recent graffiti	political	4
241	84404364	poster	Pankow	side street	3	first time	poster	conceptual	4
242	86307084	painting	Neukölln	main street	3	advanced	nothing	people	2
243	51513955	stencil	Mitte	main street	3	first time	stickers and tags	conceptual	1
244	26286358	painting	Spandau	side street	1	beginner	nothing	scenery	3
245	61283436	graffiti	Neukölln	main street	2	first time	nothing	cartoon or comical	5
246	78222101	painting	Tempelhof-Schöneberg	public spot	2	beginner	weathered graffiti	political	
247	45024603	painting	Reinickendorf	park	2	first time	stickers and tags	scenery	
248	20783872	painting	Pankow	main street	4	first time	stickers and tags	cartoon or comical	4
249	76909269	painting	Pankow	side street	2	beginner	nothing	cartoon or comical	4
250	24211112	painting	Charlottenburg-Wilmersdorf	main street	2	beginner	recent graffiti	scenery	4
251	98412994	painting	Friedrichshain-Kreuzberg	park	3	beginner	poster	political	
252	76835240	painting	Charlottenburg-Wilmersdorf	side street	2	professional	nothing	conceptual	2
253	95665162	graffiti	Treptow-Köpenick	side street	1	beginner	stickers and tags	people	2
254	10642411	painting	Friedrichshain-Kreuzberg	side street	3	first time	stickers and tags	animals or plants	3
255	36493760	painting	Spandau	playground	3	advanced	weathered graffiti	political	2
256	73839150	painting	Tempelhof-Schöneberg	main street	2	first time	weathered graffiti	conceptual	1
257	35279800	painting	Steglitz-Zehlendorf	park	2	advanced	poster	political	4
258	70224684	painting	Charlottenburg-Wilmersdorf	park	1	first time	recent painting	people	2
259	68662401	graffiti	Treptow-Köpenick	park	3	beginner	nothing	political	3
260	51615197	graffiti	Mitte	park	2	first time	weathered graffiti	conceptual	4
261	54829548	painting	Charlottenburg-Wilmersdorf	side street	3	first time	stickers and tags	conceptual	3
262	47180671	painting	Treptow-Köpenick	side street	4	professional	weathered graffiti	political	3
263	95657706	painting	Treptow-Köpenick	playground	2	advanced	nothing	scenery	3
264	27338380	painting	Friedrichshain-Kreuzberg	park	3	beginner	nothing	people	4
265	82358320	painting	Friedrichshain-Kreuzberg	side street	2	beginner	poster	conceptual	4
266	39285593	painting	Spandau	park	4	professional	text	cartoon or comical	3
267	78723633	painting	Friedrichshain-Kreuzberg	main street	3	first time	weathered graffiti	people	3
268	34923987	graffiti	Lichtenberg	main street	4	professional	weathered graffiti	cartoon or comical	
269	50988282	painting	Charlottenburg-Wilmersdorf	public spot	2	first time	nothing	scenery	2
270	33567073	painting	Friedrichshain-Kreuzberg	side street	2	professional	weathered graffiti	scenery	4
271	32292142	graffiti	Friedrichshain-Kreuzberg	park	3	beginner	stickers and tags	cartoon or comical	4
272	43887133	painting	Friedrichshain-Kreuzberg	park	5	advanced	stickers and tags	cartoon or comical	3
273	79807400	painting	Pankow	side street	2	advanced	text	people	2
274	23409768	painting	Treptow-Köpenick	main street	2	professional	recent graffiti	conceptual	5
275	31997260	graffiti	Lichtenberg	side street	2	beginner	poster	people	1
276	49552228	painting	Neukölln	park	4	beginner	stickers and tags	scenery	3
277	61280476	painting	Neukölln	main street	2	advanced	recent painting	scenery	4
278	12283353	graffiti	Tempelhof-Schöneberg	side street	3	first time	stickers and tags	political	3
279	89831977	painting	Pankow	side street	3	first time	weathered graffiti	political	3
280	38091649	painting	Spandau	park	3	first time	stickers and tags	people	2
281	94523269	graffiti	Steglitz-Zehlendorf	side street	4	first time	weathered graffiti	cartoon or comical	1
282	82055192	painting	Steglitz-Zehlendorf	side street	1	beginner	weathered graffiti	animals or plants	2
283	13810982	graffiti	Tempelhof-Schöneberg	side street	3	first time	weathered graffiti	animals or plants	2
284	93279432	painting	Reinickendorf	side street	3	beginner	weathered graffiti	animals or plants	
285	71272269	painting	Lichtenberg	main street	4	beginner	stickers and tags	cartoon or comical	4
286	40674961	graffiti	Lichtenberg	main street	2	first time	weathered painting	scenery	4
287	48816904	graffiti	Charlottenburg-Wilmersdorf	side street	3	beginner	text	scenery	3
288	94576718	graffiti	Steglitz-Zehlendorf	public spot	2	beginner	stickers and tags	people	2
289	33211290	painting	Treptow-Köpenick	side street	3	advanced	stickers and tags	cartoon or comical	5
290	32670499	painting	Mitte	main street	4	advanced	weathered graffiti	cartoon or comical	5
291	82293056	poster	Marzahn-Hellersdorf	side street	1	advanced	stickers and tags	cartoon or comical	5
292	34713336	painting	Charlottenburg-Wilmersdorf	side street	2	beginner	nothing	cartoon or comical	1
293	27906538	painting	Pankow	side street	1	beginner	stickers and tags	conceptual	4
294	99239942	painting	Lichtenberg	playground	2	advanced	weathered graffiti	scenery	2
295	41537385	graffiti	Pankow	public spot	5	first time	recent graffiti	conceptual	4
296	97019661	painting	Charlottenburg-Wilmersdorf	main street	2	first time	nothing	cartoon or comical	2
297	71098738	painting	Treptow-Köpenick	park	2	advanced	nothing	animals or plants	2
298	41678174	graffiti	Steglitz-Zehlendorf	public spot	2	first time	weathered painting	people	3
299	43931279	painting	Friedrichshain-Kreuzberg	side street	3	first time	recent graffiti	animals or plants	2
300	22525216	painting	Steglitz-Zehlendorf	main street	4	beginner	stickers and tags	people	3
301	45323510	graffiti	Neukölln	main street	4	advanced	stickers and tags	scenery	3
302	60710031	painting	Treptow-Köpenick	side street	3	advanced	poster	conceptual	5
303	97511095	painting	Friedrichshain-Kreuzberg	park	1	first time	weathered graffiti	scenery	3
304	60312819	graffiti	Friedrichshain-Kreuzberg	side street	2	advanced	recent graffiti	cartoon or comical	5
305	90411961	stencil	Charlottenburg-Wilmersdorf	public spot	4	first time	poster	conceptual	4
306	16419321	graffiti	Treptow-Köpenick	side street	1	advanced	stickers and tags	scenery	3
307	60283132	painting	Steglitz-Zehlendorf	public spot	1	beginner	text	people	2
308	71544962	poster	Marzahn-Hellersdorf	side street	4	first time	poster	political	3
309	72690724	graffiti	Treptow-Köpenick	main street	3	advanced	recent graffiti	animals or plants	4
310	87064543	text	Neukölln	side street	2	advanced	recent graffiti	conceptual	3
311	19962330	painting	Mitte	main street	1	first time	stickers and tags	cartoon or comical	4
312	20454481	painting	Treptow-Köpenick	main street	3	first time	stickers and tags	political	2
313	91233806	stencil	Steglitz-Zehlendorf	main street	3	beginner	poster	people	3
314	11520458	painting	Mitte	side street	4	beginner	weathered graffiti	conceptual	1
315	33572450	painting	Friedrichshain-Kreuzberg	main street	3	first time	text	scenery	5
316	10823563	painting	Neukölln	side street	5	advanced	nothing	conceptual	4
317	59900467	painting	Reinickendorf	main street	4	professional	recent graffiti	political	5
318	13038057	painting	Treptow-Köpenick	main street	2	beginner	recent graffiti	scenery	
319	60895329	graffiti	Charlottenburg-Wilmersdorf	public spot	2	advanced	stickers and tags	cartoon or comical	1
320	23576737	poster	Neukölln	main street	3	first time	nothing	people	5
321	22483725	painting	Tempelhof-Schöneberg	main street	4	professional	weathered painting	scenery	5
322	87959717	poster	Neukölln	main street	3	beginner	weathered graffiti	conceptual	3
323	72353244	graffiti	Lichtenberg	playground	3	professional	weathered graffiti	animals or plants	
324	10417325	painting	Charlottenburg-Wilmersdorf	side street	3	professional	recent graffiti	animals or plants	3
325	98245909	painting	Marzahn-Hellersdorf	side street	2	advanced	stickers and tags	scenery	2
326	90117469	graffiti	Pankow	park	3	first time	stickers and tags	conceptual	3
327	29102963	stencil	Spandau	public spot	2	professional	weathered graffiti	scenery	4
328	27771516	painting	Neukölln	public spot	3	beginner	weathered graffiti	people	4
329	74329083	painting	Lichtenberg	main street	2	advanced	weathered painting	animals or plants	
330	14113820	painting	Treptow-Köpenick	side street	2	advanced	nothing	people	4
331	17568827	text	Charlottenburg-Wilmersdorf	park	1	beginner	recent graffiti	conceptual	5
332	48234953	graffiti	Spandau	public spot	4	beginner	nothing	animals or plants	3
333	93601238	graffiti	Lichtenberg	public spot	1	beginner	recent graffiti	cartoon or comical	4
334	62627622	painting	Treptow-Köpenick	playground	2	first time	weathered painting	political	3
335	77488711	painting	Steglitz-Zehlendorf	side street	2	beginner	nothing	conceptual	3
336	14609029	graffiti	Friedrichshain-Kreuzberg	main street	3	first time	poster	cartoon or comical	2
337	72410878	poster	Pankow	main street	1	first time	poster	conceptual	3
338	53100328	graffiti	Steglitz-Zehlendorf	main street	2	advanced	nothing	cartoon or comical	2
339	77822741	painting	Treptow-Köpenick	main street	2	beginner	weathered painting	scenery	1
340	85855158	painting	Lichtenberg	main street	2	first time	weathered graffiti	animals or plants	1
341	68176639	painting	Pankow	side street	3	beginner	weathered graffiti	political	2
342	70739233	painting	Steglitz-Zehlendorf	park	4	beginner	poster	conceptual	4
343	80459526	painting	Charlottenburg-Wilmersdorf	side street	2	first time	recent painting	people	4
344	65143801	graffiti	Marzahn-Hellersdorf	public spot	2	beginner	weathered graffiti	conceptual	1
345	67918820	graffiti	Reinickendorf	side street	3	beginner	weathered painting	political	2
346	97573160	painting	Steglitz-Zehlendorf	side street	1	first time	stickers and tags	people	5
347	30551138	painting	Reinickendorf	main street	2	professional	poster	people	5
348	18867919	painting	Spandau	main street	4	beginner	recent graffiti	cartoon or comical	2
349	68138044	painting	Spandau	side street	2	first time	recent painting	conceptual	3
350	18005997	poster	Neukölln	side street	3	beginner	stickers and tags	people	3
351	19635136	graffiti	Tempelhof-Schöneberg	side street	3	first time	nothing	people	4
352	32132754	graffiti	Neukölln	park	2	advanced	weathered painting	scenery	2
353	89377641	graffiti	Reinickendorf	park	2	first time	stickers and tags	people	1
354	11287963	painting	Neukölln	main street	2	beginner	poster	cartoon or comical	5
355	35694608	painting	Spandau	main street	1	beginner	stickers and tags	scenery	2
356	79652197	painting	Neukölln	playground	4	beginner	weathered graffiti	animals or plants	2
357	10332058	graffiti	Reinickendorf	playground	3	beginner	recent graffiti	scenery	4
358	71114439	painting	Friedrichshain-Kreuzberg	playground	4	advanced	weathered graffiti	people	4
359	31182836	stencil	Neukölln	side street	3	beginner	recent graffiti	conceptual	1
360	12858845	painting	Treptow-Köpenick	side street	2	beginner	weathered painting	animals or plants	3
361	48908701	graffiti	Steglitz-Zehlendorf	main street	4	first time	recent graffiti	political	2
362	21159932	painting	Tempelhof-Schöneberg	main street	4	beginner	weathered graffiti	political	
363	17532219	painting	Steglitz-Zehlendorf	public spot	2	first time	weathered painting	cartoon or comical	5
364	74071207	poster	Reinickendorf	main street	1	advanced	stickers and tags	people	5
365	27087206	painting	Treptow-Köpenick	public spot	2	advanced	weathered graffiti	political	5
366	96241616	stencil	Mitte	park	4	first time	nothing	cartoon or comical	2
367	73822449	poster	Lichtenberg	main street	1	beginner	weathered graffiti	political	3
368	15702946	graffiti	Mitte	main street	2	professional	stickers and tags	political	5
369	44293250	graffiti	Friedrichshain-Kreuzberg	side street	3	first time	weathered graffiti	scenery	
370	78118852	graffiti	Charlottenburg-Wilmersdorf	side street	4	advanced	stickers and tags	political	5
371	44428398	graffiti	Friedrichshain-Kreuzberg	side street	3	beginner	weathered graffiti	scenery	3
372	36001623	painting	Tempelhof-Schöneberg	public spot	2	advanced	recent graffiti	animals or plants	3
373	28568133	painting	Marzahn-Hellersdorf	side street	3	beginner	nothing	cartoon or comical	2
374	75217286	painting	Steglitz-Zehlendorf	public spot	3	professional	nothing	conceptual	5
375	91921421	painting	Charlottenburg-Wilmersdorf	public spot	2	first time	recent graffiti	animals or plants	3
376	62029820	painting	Spandau	playground	3	beginner	stickers and tags	people	
377	33682455	painting	Friedrichshain-Kreuzberg	side street	2	advanced	weathered painting	political	5
378	57023756	graffiti	Reinickendorf	park	4	advanced	recent graffiti	scenery	2
379	68616158	graffiti	Neukölln	side street	2	beginner	poster	political	3
380	31089446	painting	Pankow	main street	2	beginner	poster	cartoon or comical	
381	62794017	painting	Charlottenburg-Wilmersdorf	main street	2	first time	nothing	people	
382	34976131	graffiti	Friedrichshain-Kreuzberg	side street	3	beginner	recent graffiti	conceptual	4
383	76181500	text	Spandau	main street	3	beginner	poster	conceptual	1
384	27109577	painting	Treptow-Köpenick	main street	1	beginner	weathered graffiti	conceptual	4
385	40508913	graffiti	Lichtenberg	side street	1	first time	stickers and tags	cartoon or comical	4
386	43094643	painting	Tempelhof-Schöneberg	public spot	3	advanced	weathered painting	animals or plants	5
387	34091759	poster	Pankow	public spot	1	advanced	stickers and tags	animals or plants	4
388	68815145	painting	Pankow	park	3	advanced	text	political	3
389	74373136	painting	Neukölln	park	1	advanced	stickers and tags	people	5
390	51610412	graffiti	Spandau	public spot	3	beginner	stickers and tags	scenery	3
391	59900426	graffiti	Friedrichshain-Kreuzberg	public spot	2	professional	nothing	people	4
392	64839230	painting	Spandau	side street	1	beginner	text	political	2
393	22465863	graffiti	Lichtenberg	park	2	beginner	poster	animals or plants	2
394	83298009	painting	Charlottenburg-Wilmersdorf	side street	1	first time	nothing	conceptual	2
395	50919727	graffiti	Charlottenburg-Wilmersdorf	main street	1	advanced	stickers and tags	animals or plants	4
396	12419435	painting	Spandau	main street	2	beginner	stickers and tags	cartoon or comical	3
397	16561454	graffiti	Charlottenburg-Wilmersdorf	side street	2	advanced	poster	people	2
398	96560076	painting	Steglitz-Zehlendorf	side street	4	first time	weathered graffiti	cartoon or comical	3
399	39798697	painting	Neukölln	main street	1	beginner	weathered graffiti	scenery	1
400	28224948	painting	Steglitz-Zehlendorf	public spot	3	first time	weathered graffiti	conceptual	3
401	68032238	painting	Steglitz-Zehlendorf	side street	2	advanced	weathered graffiti	political	3
402	78838878	graffiti	Lichtenberg	main street	1	first time	stickers and tags	people	3
403	29866725	graffiti	Steglitz-Zehlendorf	park	2	first time	nothing	conceptual	2
404	97654104	graffiti	Tempelhof-Schöneberg	playground	3	beginner	poster	political	3
405	99274706	painting	Reinickendorf	main street	3	advanced	nothing	political	5
406	33297647	graffiti	Spandau	playground	2	beginner	nothing	conceptual	2
407	41777346	text	Friedrichshain-Kreuzberg	side street	3	first time	weathered graffiti	animals or plants	4
408	50697615	graffiti	Steglitz-Zehlendorf	side street	3	first time	nothing	political	1
409	69589157	painting	Spandau	park	4	first time	recent painting	scenery	5
410	25223655	painting	Lichtenberg	park	3	first time	weathered graffiti	animals or plants	1
411	23758941	painting	Marzahn-Hellersdorf	public spot	3	advanced	poster	animals or plants	2
412	17584268	painting	Mitte	park	2	first time	stickers and tags	people	3
413	82391547	painting	Charlottenburg-Wilmersdorf	park	4	beginner	weathered graffiti	animals or plants	5
414	52996451	painting	Pankow	side street	2	first time	weathered painting	conceptual	3
415	37895469	graffiti	Reinickendorf	main street	4	first time	weathered graffiti	cartoon or comical	2
416	84301342	poster	Reinickendorf	side street	2	first time	weathered painting	animals or plants	4
417	96022154	painting	Tempelhof-Schöneberg	public spot	4	beginner	poster	cartoon or comical	3
418	20053455	painting	Mitte	main street	2	beginner	recent graffiti	people	5
419	82868334	painting	Treptow-Köpenick	main street	1	beginner	weathered graffiti	cartoon or comical	4
420	50361259	graffiti	Steglitz-Zehlendorf	playground	1	advanced	weathered graffiti	people	1
421	78704110	graffiti	Charlottenburg-Wilmersdorf	side street	1	first time	weathered graffiti	animals or plants	3
422	57003415	painting	Mitte	public spot	1	beginner	stickers and tags	conceptual	1
423	68106719	painting	Pankow	side street	1	beginner	weathered painting	political	4
424	52544573	painting	Marzahn-Hellersdorf	public spot	2	beginner	nothing	conceptual	3
425	85824295	graffiti	Neukölln	park	2	beginner	stickers and tags	political	5
426	19446671	graffiti	Reinickendorf	playground	4	advanced	weathered painting	conceptual	4
427	20444035	painting	Marzahn-Hellersdorf	public spot	1	first time	stickers and tags	scenery	3
428	43114344	poster	Reinickendorf	side street	4	advanced	stickers and tags	people	5
429	15821570	painting	Treptow-Köpenick	main street	4	beginner	poster	conceptual	3
430	83232645	painting	Pankow	park	2	first time	weathered graffiti	political	3
431	30073377	painting	Lichtenberg	park	2	advanced	recent graffiti	animals or plants	5
432	31727393	painting	Spandau	main street	1	advanced	recent graffiti	animals or plants	3
433	44622690	graffiti	Pankow	public spot	1	first time	weathered graffiti	political	3
434	66461113	poster	Neukölln	main street	2	professional	weathered graffiti	cartoon or comical	2
435	83532342	graffiti	Spandau	public spot	4	beginner	weathered painting	conceptual	
436	71961282	graffiti	Marzahn-Hellersdorf	main street	2	advanced	nothing	people	4
437	85217480	painting	Marzahn-Hellersdorf	main street	3	beginner	weathered painting	political	
438	79533893	painting	Marzahn-Hellersdorf	park	3	professional	stickers and tags	political	3
439	85068284	painting	Spandau	side street	3	beginner	weathered painting	political	4
440	13467677	graffiti	Charlottenburg-Wilmersdorf	side street	3	beginner	stickers and tags	scenery	4
441	43264243	painting	Friedrichshain-Kreuzberg	side street	2	advanced	poster	scenery	4
442	92313560	painting	Tempelhof-Schöneberg	public spot	2	professional	nothing	cartoon or comical	4
443	20954665	painting	Reinickendorf	public spot	1	first time	weathered graffiti	animals or plants	4
444	65867083	painting	Treptow-Köpenick	public spot	2	first time	recent painting	cartoon or comical	5
445	12162113	painting	Lichtenberg	public spot	1	first time	weathered graffiti	cartoon or comical	3
446	31027407	painting	Steglitz-Zehlendorf	main street	3	beginner	recent painting	political	3
447	95670884	poster	Steglitz-Zehlendorf	main street	2	beginner	weathered painting	animals or plants	
448	43590740	painting	Spandau	main street	4	advanced	weathered painting	people	
449	78055584	poster	Marzahn-Hellersdorf	main street	1	first time	recent graffiti	animals or plants	
450	78844995	painting	Mitte	main street	1	advanced	weathered graffiti	political	1
451	92922448	graffiti	Neukölln	park	5	advanced	text	scenery	2
452	83469092	painting	Neukölln	park	2	first time	weathered painting	scenery	5
453	53590379	painting	Pankow	side street	1	advanced	recent graffiti	political	4
454	29441378	painting	Treptow-Köpenick	side street	4	first time	nothing	animals or plants	3
455	19007871	graffiti	Friedrichshain-Kreuzberg	main street	1	advanced	weathered graffiti	political	1
456	68640765	painting	Friedrichshain-Kreuzberg	main street	2	advanced	recent graffiti	people	4
457	50975763	graffiti	Reinickendorf	side street	2	advanced	poster	scenery	2
458	18545250	painting	Friedrichshain-Kreuzberg	main street	3	first time	stickers and tags	political	3
459	77770843	painting	Tempelhof-Schöneberg	main street	3	advanced	poster	political	5
460	58252577	graffiti	Treptow-Köpenick	public spot	2	advanced	weathered graffiti	political	5
461	69425957	painting	Marzahn-Hellersdorf	park	5	professional	poster	conceptual	1
462	32736546	painting	Marzahn-Hellersdorf	park	5	first time	weathered graffiti	cartoon or comical	
463	91681921	painting	Tempelhof-Schöneberg	side street	3	beginner	nothing	cartoon or comical	4
464	89245897	graffiti	Pankow	side street	1	professional	weathered painting	cartoon or comical	2
465	73954265	painting	Mitte	side street	2	beginner	stickers and tags	political	3
466	62824555	graffiti	Treptow-Köpenick	side street	2	first time	recent painting	animals or plants	3
467	71635003	painting	Friedrichshain-Kreuzberg	side street	2	first time	nothing	conceptual	3
468	87027432	painting	Lichtenberg	side street	2	first time	weathered painting	animals or plants	3
469	15975965	painting	Spandau	side street	3	beginner	nothing	political	3
470	64785860	graffiti	Steglitz-Zehlendorf	park	4	first time	weathered graffiti	scenery	4
471	54396634	painting	Reinickendorf	public spot	3	advanced	weathered graffiti	scenery	5
472	87587229	graffiti	Pankow	side street	1	beginner	weathered painting	political	3
473	36452144	graffiti	Marzahn-Hellersdorf	park	1	beginner	recent painting	animals or plants	
474	71057232	painting	Pankow	side street	4	advanced	stickers and tags	conceptual	4
475	69689018	painting	Spandau	playground	4	beginner	poster	scenery	5
476	72575836	painting	Treptow-Köpenick	side street	4	beginner	poster	scenery	
477	54035172	painting	Charlottenburg-Wilmersdorf	side street	2	professional	weathered graffiti	animals or plants	5
478	98543861	painting	Treptow-Köpenick	park	4	professional	weathered graffiti	animals or plants	1
479	28115554	poster	Charlottenburg-Wilmersdorf	side street	2	professional	recent painting	animals or plants	4
480	90943152	graffiti	Friedrichshain-Kreuzberg	park	2	professional	recent graffiti	cartoon or comical	3
481	38600775	poster	Treptow-Köpenick	public spot	2	advanced	nothing	conceptual	
482	40861166	poster	Charlottenburg-Wilmersdorf	side street	1	beginner	poster	conceptual	4
483	36298651	painting	Steglitz-Zehlendorf	side street	3	first time	weathered graffiti	scenery	2
484	74882830	painting	Treptow-Köpenick	main street	2	advanced	weathered painting	political	4
485	13902821	painting	Reinickendorf	public spot	3	beginner	nothing	people	
486	46550180	poster	Marzahn-Hellersdorf	park	4	advanced	recent painting	people	5
487	27829372	graffiti	Spandau	side street	2	beginner	weathered graffiti	cartoon or comical	3
488	51017259	painting	Treptow-Köpenick	main street	3	advanced	nothing	political	
489	53495963	painting	Spandau	public spot	2	beginner	poster	animals or plants	4
490	99982075	painting	Treptow-Köpenick	main street	1	beginner	recent graffiti	people	5
491	89633383	graffiti	Treptow-Köpenick	playground	2	beginner	nothing	people	4
492	69118608	graffiti	Mitte	public spot	1	first time	stickers and tags	people	4
493	30979785	painting	Mitte	main street	2	beginner	recent graffiti	cartoon or comical	3
494	18193518	poster	Tempelhof-Schöneberg	park	2	first time	weathered graffiti	animals or plants	3
495	31227852	graffiti	Treptow-Köpenick	main street	3	first time	text	cartoon or comical	4
496	51385987	graffiti	Steglitz-Zehlendorf	side street	3	first time	weathered graffiti	animals or plants	3
497	11606370	graffiti	Marzahn-Hellersdorf	park	1	first time	recent graffiti	conceptual	
498	17940519	painting	Marzahn-Hellersdorf	side street	1	first time	poster	political	3
499	76408858	painting	Lichtenberg	public spot	3	professional	stickers and tags	political	2
500	13856285	poster	Treptow-Köpenick	playground	1	advanced	stickers and tags	conceptual	5
501	42318948	graffiti	Marzahn-Hellersdorf	side street	2	beginner	poster	conceptual	4
502	82180035	painting	Tempelhof-Schöneberg	main street	3	advanced	weathered painting	scenery	1
503	29597382	graffiti	Neukölln	public spot	2	beginner	text	animals or plants	3
504	61895799	painting	Tempelhof-Schöneberg	main street	4	first time	nothing	scenery	2
505	13684431	graffiti	Reinickendorf	side street	1	advanced	nothing	cartoon or comical	5
506	32830781	stencil	Steglitz-Zehlendorf	park	2	beginner	recent graffiti	political	3
507	25471751	poster	Tempelhof-Schöneberg	side street	1	first time	weathered graffiti	cartoon or comical	4
508	39862198	graffiti	Treptow-Köpenick	public spot	2	beginner	stickers and tags	people	2
509	62564182	poster	Marzahn-Hellersdorf	side street	1	first time	weathered painting	animals or plants	4
510	64542431	poster	Tempelhof-Schöneberg	park	3	first time	nothing	scenery	2
511	24944439	painting	Friedrichshain-Kreuzberg	main street	3	first time	stickers and tags	people	3
512	56338534	graffiti	Pankow	park	4	first time	weathered painting	people	
513	81560405	painting	Lichtenberg	main street	2	beginner	nothing	scenery	4
514	55229005	poster	Charlottenburg-Wilmersdorf	side street	3	first time	recent painting	people	1
515	68910216	graffiti	Neukölln	main street	4	advanced	stickers and tags	people	2
516	22979769	graffiti	Mitte	side street	2	beginner	weathered graffiti	conceptual	3
517	69824009	graffiti	Treptow-Köpenick	main street	3	beginner	poster	conceptual	4
518	91854962	painting	Marzahn-Hellersdorf	side street	1	beginner	nothing	cartoon or comical	1
519	24992962	painting	Friedrichshain-Kreuzberg	main street	4	beginner	recent graffiti	scenery	3
520	28377287	painting	Spandau	main street	1	advanced	recent painting	animals or plants	5
521	27101745	painting	Mitte	side street	4	advanced	recent graffiti	conceptual	4
522	26694653	painting	Friedrichshain-Kreuzberg	side street	3	professional	weathered graffiti	scenery	4
523	41788320	painting	Mitte	main street	2	beginner	nothing	scenery	3
524	70481207	painting	Neukölln	public spot	4	beginner	poster	scenery	
525	55818639	painting	Tempelhof-Schöneberg	park	4	first time	stickers and tags	animals or plants	4
526	33250681	painting	Mitte	park	1	first time	nothing	people	2
527	47164711	graffiti	Charlottenburg-Wilmersdorf	side street	1	beginner	weathered graffiti	political	3
528	25290390	stencil	Marzahn-Hellersdorf	side street	2	first time	weathered graffiti	cartoon or comical	1
529	13989334	painting	Mitte	side street	1	advanced	recent graffiti	scenery	1
530	74164072	painting	Spandau	side street	3	advanced	nothing	conceptual	4
531	74094176	poster	Mitte	side street	5	first time	poster	political	1
532	18066633	graffiti	Mitte	main street	4	advanced	stickers and tags	political	5
533	20552436	graffiti	Mitte	main street	1	beginner	weathered graffiti	conceptual	4
534	27599229	painting	Reinickendorf	park	2	beginner	weathered graffiti	scenery	2
535	78514114	painting	Marzahn-Hellersdorf	side street	3	beginner	weathered graffiti	conceptual	1
536	42731255	poster	Lichtenberg	side street	2	beginner	weathered graffiti	political	
537	65218556	graffiti	Spandau	main street	3	beginner	nothing	people	5
538	11388883	painting	Lichtenberg	park	2	first time	weathered graffiti	scenery	4
539	99365039	painting	Pankow	main street	3	first time	nothing	cartoon or comical	3
540	27747661	graffiti	Neukölln	main street	2	advanced	weathered graffiti	cartoon or comical	4
541	62635563	poster	Steglitz-Zehlendorf	public spot	4	first time	poster	political	3
542	45881226	painting	Lichtenberg	side street	2	first time	weathered graffiti	scenery	3
543	47513286	painting	Pankow	main street	5	beginner	recent graffiti	conceptual	4
544	11752481	painting	Lichtenberg	main street	3	first time	stickers and tags	animals or plants	3
545	20522082	graffiti	Friedrichshain-Kreuzberg	side street	1	beginner	stickers and tags	cartoon or comical	4
546	79479032	graffiti	Neukölln	side street	3	first time	poster	conceptual	
547	56094921	painting	Lichtenberg	park	2	advanced	weathered painting	conceptual	4
548	54458076	painting	Neukölln	main street	2	advanced	text	people	3
549	55644649	graffiti	Charlottenburg-Wilmersdorf	public spot	2	advanced	weathered graffiti	conceptual	5
550	33815717	graffiti	Lichtenberg	side street	2	advanced	weathered painting	animals or plants	1
551	66634417	painting	Reinickendorf	side street	2	first time	stickers and tags	scenery	4
552	39307136	painting	Tempelhof-Schöneberg	main street	3	first time	nothing	conceptual	3
553	87223702	painting	Friedrichshain-Kreuzberg	public spot	3	first time	weathered graffiti	animals or plants	3
554	92631361	graffiti	Friedrichshain-Kreuzberg	park	2	first time	weathered graffiti	conceptual	4
555	65332562	painting	Reinickendorf	main street	1	advanced	weathered graffiti	people	1
556	68517730	text	Lichtenberg	public spot	3	beginner	recent painting	cartoon or comical	4
557	45683238	painting	Marzahn-Hellersdorf	main street	3	advanced	recent graffiti	cartoon or comical	5
558	55858857	graffiti	Neukölln	public spot	2	beginner	nothing	conceptual	1
559	74240238	poster	Treptow-Köpenick	main street	1	first time	stickers and tags	political	3
560	33346423	painting	Friedrichshain-Kreuzberg	main street	4	first time	weathered graffiti	conceptual	3
561	23129443	painting	Marzahn-Hellersdorf	main street	3	advanced	poster	cartoon or comical	3
562	85385600	painting	Neukölln	main street	4	advanced	poster	cartoon or comical	
563	29562071	painting	Tempelhof-Schöneberg	main street	1	first time	poster	animals or plants	3
564	27689227	graffiti	Steglitz-Zehlendorf	side street	4	beginner	poster	animals or plants	2
565	22940126	poster	Charlottenburg-Wilmersdorf	main street	3	advanced	weathered graffiti	animals or plants	2
566	79262620	graffiti	Lichtenberg	park	1	first time	nothing	scenery	3
567	70063040	graffiti	Reinickendorf	main street	4	first time	stickers and tags	political	3
568	37742070	poster	Charlottenburg-Wilmersdorf	side street	5	first time	nothing	conceptual	1
569	74098694	painting	Reinickendorf	main street	2	advanced	text	political	4
570	24025974	poster	Treptow-Köpenick	playground	3	beginner	poster	political	4
571	58952775	painting	Mitte	main street	5	beginner	stickers and tags	scenery	1
572	36612523	painting	Spandau	park	1	advanced	stickers and tags	scenery	3
573	36111604	painting	Friedrichshain-Kreuzberg	public spot	3	beginner	weathered graffiti	political	5
574	62626068	graffiti	Neukölln	main street	2	advanced	nothing	animals or plants	5
575	90607213	painting	Treptow-Köpenick	playground	4	first time	stickers and tags	political	2
576	71338307	painting	Steglitz-Zehlendorf	park	2	first time	nothing	political	4
577	62976773	stencil	Spandau	main street	3	advanced	weathered graffiti	conceptual	5
578	21811114	painting	Tempelhof-Schöneberg	playground	4	first time	recent graffiti	cartoon or comical	3
579	70274245	painting	Charlottenburg-Wilmersdorf	main street	1	beginner	weathered graffiti	people	4
580	55538387	graffiti	Friedrichshain-Kreuzberg	main street	2	first time	recent graffiti	animals or plants	
581	38239392	graffiti	Neukölln	side street	3	beginner	stickers and tags	people	4
582	81727093	painting	Pankow	main street	3	first time	weathered graffiti	political	2
583	90744628	graffiti	Steglitz-Zehlendorf	side street	1	beginner	stickers and tags	people	1
584	61121976	graffiti	Pankow	main street	3	advanced	poster	political	4
585	72772931	graffiti	Tempelhof-Schöneberg	side street	1	advanced	stickers and tags	animals or plants	5
586	56005083	painting	Charlottenburg-Wilmersdorf	side street	3	advanced	weathered graffiti	scenery	4
587	55554034	painting	Treptow-Köpenick	side street	2	advanced	nothing	cartoon or comical	
588	71741444	poster	Reinickendorf	side street	2	professional	nothing	political	5
589	28700034	painting	Mitte	side street	3	advanced	weathered graffiti	cartoon or comical	5
590	20938973	painting	Neukölln	side street	1	beginner	stickers and tags	animals or plants	2
591	33477334	graffiti	Friedrichshain-Kreuzberg	side street	2	first time	weathered graffiti	conceptual	2
592	29463216	graffiti	Lichtenberg	side street	2	advanced	weathered graffiti	conceptual	3
593	13572995	painting	Steglitz-Zehlendorf	main street	1	beginner	stickers and tags	people	4
594	15279129	painting	Tempelhof-Schöneberg	side street	2	first time	weathered graffiti	conceptual	2
595	47308337	painting	Tempelhof-Schöneberg	park	4	beginner	recent painting	people	3
596	39442951	painting	Steglitz-Zehlendorf	playground	2	first time	stickers and tags	political	2
597	74037416	poster	Mitte	main street	2	beginner	recent graffiti	cartoon or comical	1
598	65936320	graffiti	Lichtenberg	main street	4	professional	stickers and tags	people	4
599	41071100	painting	Friedrichshain-Kreuzberg	side street	3	first time	nothing	animals or plants	3
600	47443160	painting	Charlottenburg-Wilmersdorf	main street	4	first time	poster	political	4
601	29243751	graffiti	Reinickendorf	public spot	1	advanced	stickers and tags	cartoon or comical	4
602	19683314	painting	Marzahn-Hellersdorf	side street	4	first time	poster	people	3
603	97783193	graffiti	Friedrichshain-Kreuzberg	side street	2	first time	poster	people	3
604	35817084	painting	Treptow-Köpenick	park	2	professional	stickers and tags	people	1
605	74656388	graffiti	Charlottenburg-Wilmersdorf	main street	3	advanced	weathered graffiti	cartoon or comical	5
606	99437536	painting	Charlottenburg-Wilmersdorf	side street	2	beginner	recent graffiti	conceptual	4
607	65061904	graffiti	Tempelhof-Schöneberg	side street	2	first time	stickers and tags	political	4
608	21785971	painting	Marzahn-Hellersdorf	main street	4	beginner	poster	people	4
609	46656877	graffiti	Mitte	playground	2	beginner	recent painting	political	
610	58102262	graffiti	Lichtenberg	main street	2	beginner	poster	conceptual	3
611	91771994	painting	Mitte	side street	1	professional	recent graffiti	political	5
612	78752157	painting	Charlottenburg-Wilmersdorf	public spot	1	advanced	nothing	political	5
613	28320090	graffiti	Pankow	side street	3	first time	weathered graffiti	animals or plants	3
614	79319521	poster	Treptow-Köpenick	main street	1	first time	recent graffiti	political	4
615	56141616	painting	Mitte	side street	2	advanced	weathered graffiti	political	3
616	35412510	stencil	Steglitz-Zehlendorf	park	2	advanced	recent graffiti	cartoon or comical	4
617	37465910	painting	Tempelhof-Schöneberg	main street	3	advanced	weathered graffiti	scenery	4
618	60777825	painting	Pankow	public spot	3	first time	weathered graffiti	political	3
619	39610898	painting	Tempelhof-Schöneberg	main street	2	advanced	stickers and tags	people	4
620	13763592	graffiti	Neukölln	side street	2	beginner	weathered painting	conceptual	3
621	30145686	poster	Marzahn-Hellersdorf	main street	3	advanced	recent graffiti	political	5
622	62020856	graffiti	Mitte	side street	3	advanced	recent graffiti	conceptual	5
623	68194659	graffiti	Treptow-Köpenick	side street	1	advanced	stickers and tags	people	1
624	93429078	graffiti	Charlottenburg-Wilmersdorf	side street	2	advanced	nothing	cartoon or comical	4
625	23505439	painting	Neukölln	playground	4	first time	poster	cartoon or comical	5
626	39813530	painting	Spandau	side street	2	beginner	weathered graffiti	conceptual	3
627	11108427	painting	Lichtenberg	side street	4	advanced	nothing	scenery	2
628	95493410	poster	Mitte	main street	1	beginner	stickers and tags	scenery	4
629	33882503	painting	Mitte	park	2	beginner	recent graffiti	animals or plants	
630	87329650	graffiti	Spandau	side street	1	beginner	weathered graffiti	cartoon or comical	1
631	98262136	painting	Mitte	side street	2	professional	nothing	scenery	
632	58569662	painting	Mitte	side street	3	professional	weathered graffiti	cartoon or comical	5
633	75362964	painting	Lichtenberg	park	1	first time	stickers and tags	people	1
634	66447614	graffiti	Spandau	side street	2	beginner	recent graffiti	conceptual	4
635	16688973	graffiti	Mitte	main street	2	advanced	weathered graffiti	cartoon or comical	4
636	34459732	poster	Marzahn-Hellersdorf	side street	2	advanced	nothing	cartoon or comical	4
637	64081558	painting	Marzahn-Hellersdorf	side street	1	first time	stickers and tags	conceptual	
638	29857045	poster	Steglitz-Zehlendorf	park	3	first time	text	conceptual	2
639	10158515	painting	Reinickendorf	public spot	2	advanced	weathered graffiti	scenery	5
640	90031874	graffiti	Lichtenberg	side street	3	first time	stickers and tags	conceptual	3
641	30434538	text	Pankow	playground	5	advanced	poster	conceptual	2
642	37482357	painting	Spandau	main street	1	first time	recent painting	animals or plants	4
643	51545226	poster	Neukölln	public spot	4	beginner	poster	animals or plants	4
644	69572147	text	Spandau	main street	1	beginner	poster	scenery	1
645	35323756	painting	Neukölln	public spot	2	advanced	weathered painting	cartoon or comical	2
646	65681649	painting	Steglitz-Zehlendorf	side street	3	beginner	recent painting	cartoon or comical	4
647	85936596	graffiti	Marzahn-Hellersdorf	main street	3	advanced	weathered graffiti	political	4
648	90907548	graffiti	Mitte	main street	2	beginner	stickers and tags	conceptual	3
649	65670645	stencil	Mitte	public spot	4	first time	stickers and tags	scenery	3
650	23257517	graffiti	Lichtenberg	public spot	2	first time	stickers and tags	conceptual	3
651	82558635	painting	Reinickendorf	side street	2	beginner	recent graffiti	cartoon or comical	3
652	98195725	graffiti	Tempelhof-Schöneberg	main street	2	professional	text	cartoon or comical	5
653	47988619	painting	Neukölln	side street	1	advanced	weathered graffiti	people	2
654	11858778	painting	Friedrichshain-Kreuzberg	main street	3	professional	stickers and tags	cartoon or comical	4
655	19565707	painting	Tempelhof-Schöneberg	public spot	3	advanced	poster	cartoon or comical	5
656	46905574	painting	Marzahn-Hellersdorf	side street	3	first time	stickers and tags	scenery	4
657	47993120	graffiti	Neukölln	park	2	first time	stickers and tags	conceptual	5
658	63912607	poster	Reinickendorf	main street	1	professional	recent graffiti	conceptual	1
659	28585704	poster	Friedrichshain-Kreuzberg	park	2	beginner	stickers and tags	scenery	3
660	24586235	graffiti	Neukölln	main street	2	beginner	weathered graffiti	scenery	2
661	22219509	painting	Lichtenberg	side street	1	first time	poster	conceptual	3
662	86268986	graffiti	Lichtenberg	public spot	5	beginner	weathered graffiti	animals or plants	4
663	31144945	painting	Charlottenburg-Wilmersdorf	park	1	advanced	weathered graffiti	people	3
664	47857935	painting	Steglitz-Zehlendorf	side street	2	first time	stickers and tags	conceptual	4
665	84245050	painting	Charlottenburg-Wilmersdorf	main street	3	first time	weathered graffiti	political	2
666	36932890	painting	Reinickendorf	main street	3	beginner	recent painting	animals or plants	1
667	87173297	painting	Neukölln	side street	1	professional	stickers and tags	scenery	4
668	40757859	painting	Charlottenburg-Wilmersdorf	main street	2	advanced	weathered graffiti	people	4
669	76074920	graffiti	Treptow-Köpenick	playground	3	advanced	nothing	scenery	3
670	29682734	painting	Mitte	playground	3	beginner	stickers and tags	scenery	3
671	85651737	painting	Charlottenburg-Wilmersdorf	main street	3	first time	stickers and tags	people	2
672	24623377	graffiti	Mitte	side street	1	beginner	recent painting	conceptual	3
673	93956638	painting	Reinickendorf	public spot	3	professional	stickers and tags	animals or plants	5
674	43873340	graffiti	Mitte	park	3	beginner	poster	scenery	4
675	31104598	painting	Marzahn-Hellersdorf	park	5	advanced	weathered graffiti	political	3
676	59285344	graffiti	Pankow	side street	4	beginner	recent graffiti	political	
677	56688237	graffiti	Marzahn-Hellersdorf	park	2	advanced	weathered graffiti	people	3
678	41028793	painting	Friedrichshain-Kreuzberg	main street	2	first time	weathered graffiti	scenery	1
679	64527279	poster	Reinickendorf	main street	3	beginner	nothing	animals or plants	3
680	46328628	stencil	Lichtenberg	side street	2	advanced	recent painting	people	
681	22996052	painting	Spandau	public spot	3	first time	stickers and tags	cartoon or comical	1
682	72707977	painting	Neukölln	public spot	2	beginner	poster	animals or plants	5
683	70113957	painting	Treptow-Köpenick	park	3	beginner	text	people	4
684	14277036	poster	Charlottenburg-Wilmersdorf	park	1	beginner	stickers and tags	people	1
685	72909209	text	Neukölln	public spot	1	beginner	stickers and tags	animals or plants	3
686	58887428	painting	Pankow	side street	2	advanced	stickers and tags	people	5
687	62348656	painting	Treptow-Köpenick	main street	2	beginner	weathered graffiti	cartoon or comical	4
688	39269473	painting	Marzahn-Hellersdorf	public spot	2	professional	recent graffiti	people	
689	83397631	graffiti	Reinickendorf	side street	2	first time	weathered painting	animals or plants	
690	34974501	painting	Neukölln	main street	1	first time	recent painting	political	3
691	33391463	painting	Charlottenburg-Wilmersdorf	main street	3	first time	weathered painting	cartoon or comical	3
692	91296788	painting	Charlottenburg-Wilmersdorf	public spot	4	advanced	weathered graffiti	conceptual	2
693	31284848	painting	Lichtenberg	main street	3	beginner	nothing	political	4
694	54584579	text	Charlottenburg-Wilmersdorf	side street	1	beginner	recent graffiti	animals or plants	
695	89182455	poster	Lichtenberg	public spot	4	first time	stickers and tags	political	
696	73565601	painting	Friedrichshain-Kreuzberg	side street	3	first time	poster	conceptual	3
697	91054117	painting	Mitte	park	5	beginner	weathered graffiti	political	3
698	39833325	poster	Treptow-Köpenick	side street	1	advanced	weathered painting	conceptual	3
699	67792223	painting	Neukölln	park	3	first time	recent painting	political	3
700	77890910	painting	Friedrichshain-Kreuzberg	side street	5	advanced	weathered graffiti	conceptual	4
701	21621741	graffiti	Treptow-Köpenick	side street	1	beginner	recent painting	scenery	2
702	20804716	stencil	Marzahn-Hellersdorf	side street	4	advanced	text	conceptual	3
703	21021052	painting	Steglitz-Zehlendorf	side street	1	first time	weathered graffiti	scenery	2
704	37220636	graffiti	Reinickendorf	side street	2	first time	poster	cartoon or comical	4
705	21694760	painting	Steglitz-Zehlendorf	main street	2	beginner	poster	animals or plants	3
706	69761885	painting	Spandau	main street	2	first time	recent graffiti	cartoon or comical	4
707	44045391	painting	Treptow-Köpenick	park	1	advanced	recent graffiti	cartoon or comical	4
708	84559431	painting	Mitte	side street	3	professional	poster	cartoon or comical	3
709	14755802	painting	Tempelhof-Schöneberg	side street	3	advanced	nothing	animals or plants	4
710	58653101	painting	Friedrichshain-Kreuzberg	side street	1	first time	weathered graffiti	political	3
711	43683005	painting	Neukölln	park	3	beginner	poster	scenery	3
712	25708282	graffiti	Charlottenburg-Wilmersdorf	park	2	first time	text	political	3
713	68656582	painting	Treptow-Köpenick	main street	4	beginner	weathered graffiti	people	1
714	45329609	graffiti	Steglitz-Zehlendorf	side street	3	beginner	poster	animals or plants	
715	77149792	graffiti	Marzahn-Hellersdorf	public spot	3	beginner	weathered painting	animals or plants	3
716	29410317	painting	Steglitz-Zehlendorf	side street	2	beginner	weathered graffiti	people	4
717	75060281	painting	Mitte	side street	2	first time	stickers and tags	conceptual	2
718	80669615	painting	Treptow-Köpenick	side street	2	beginner	weathered graffiti	animals or plants	3
719	22996508	painting	Neukölln	playground	4	first time	weathered graffiti	political	1
720	13087950	painting	Neukölln	park	1	advanced	weathered graffiti	conceptual	3
721	67768533	painting	Neukölln	side street	2	advanced	stickers and tags	cartoon or comical	2
722	74723317	painting	Reinickendorf	side street	3	beginner	weathered graffiti	people	3
723	94233564	graffiti	Charlottenburg-Wilmersdorf	park	2	beginner	weathered painting	people	3
724	68328023	painting	Treptow-Köpenick	side street	2	advanced	nothing	people	5
725	72560167	painting	Reinickendorf	main street	2	beginner	weathered painting	conceptual	
726	78813781	painting	Steglitz-Zehlendorf	side street	3	first time	nothing	conceptual	5
727	33728248	painting	Marzahn-Hellersdorf	side street	2	beginner	weathered painting	conceptual	4
728	85048496	graffiti	Spandau	side street	2	advanced	recent painting	political	4
729	19133701	painting	Friedrichshain-Kreuzberg	park	4	professional	recent painting	cartoon or comical	1
730	64146334	graffiti	Steglitz-Zehlendorf	side street	2	beginner	poster	animals or plants	5
731	42690093	painting	Reinickendorf	park	2	beginner	poster	cartoon or comical	5
732	66270063	painting	Neukölln	main street	3	beginner	nothing	conceptual	
733	46319542	poster	Friedrichshain-Kreuzberg	main street	1	first time	weathered graffiti	political	2
734	46334992	graffiti	Friedrichshain-Kreuzberg	park	4	beginner	recent graffiti	scenery	3
735	91040465	painting	Treptow-Köpenick	side street	1	beginner	stickers and tags	animals or plants	4
736	69522502	graffiti	Neukölln	side street	4	first time	nothing	animals or plants	3
737	62493965	painting	Marzahn-Hellersdorf	main street	5	beginner	weathered graffiti	conceptual	5
738	53391504	painting	Mitte	side street	4	advanced	stickers and tags	people	4
739	61160468	graffiti	Charlottenburg-Wilmersdorf	main street	4	advanced	stickers and tags	people	2
740	59051792	painting	Spandau	side street	4	beginner	stickers and tags	people	1
741	75415535	graffiti	Treptow-Köpenick	main street	2	beginner	recent painting	animals or plants	
742	14913557	painting	Lichtenberg	park	4	first time	weathered graffiti	people	4
743	11747706	graffiti	Neukölln	side street	2	advanced	recent graffiti	political	5
744	65651824	painting	Steglitz-Zehlendorf	public spot	1	beginner	poster	conceptual	
745	68311402	painting	Tempelhof-Schöneberg	side street	2	first time	weathered graffiti	political	3
746	22390811	painting	Mitte	park	2	beginner	weathered graffiti	cartoon or comical	5
747	19230282	painting	Friedrichshain-Kreuzberg	park	1	advanced	weathered graffiti	people	5
748	29644044	painting	Treptow-Köpenick	side street	2	advanced	stickers and tags	scenery	3
749	55964034	graffiti	Spandau	main street	1	first time	poster	scenery	
750	26494207	painting	Steglitz-Zehlendorf	main street	2	first time	text	cartoon or comical	3
751	54539265	painting	Pankow	side street	3	first time	text	conceptual	2
752	47359518	poster	Charlottenburg-Wilmersdorf	side street	1	beginner	weathered painting	conceptual	3
753	22512712	painting	Marzahn-Hellersdorf	main street	1	beginner	poster	conceptual	5
754	49230788	painting	Spandau	park	4	first time	poster	cartoon or comical	3
755	37104546	painting	Steglitz-Zehlendorf	main street	4	professional	stickers and tags	cartoon or comical	5
756	12720273	graffiti	Pankow	public spot	1	first time	weathered graffiti	people	4
757	24333083	graffiti	Treptow-Köpenick	side street	4	first time	nothing	scenery	4
758	19226117	painting	Pankow	main street	4	first time	weathered graffiti	animals or plants	2
759	49380077	poster	Pankow	public spot	1	advanced	recent graffiti	conceptual	5
760	18934688	painting	Lichtenberg	main street	3	first time	poster	political	3
761	14089526	painting	Steglitz-Zehlendorf	public spot	2	advanced	recent graffiti	animals or plants	5
762	11386189	poster	Neukölln	playground	1	beginner	stickers and tags	conceptual	3
763	34897306	graffiti	Mitte	side street	2	first time	recent graffiti	scenery	4
764	18783446	painting	Neukölln	main street	4	first time	weathered painting	cartoon or comical	3
765	12696527	graffiti	Mitte	park	3	beginner	recent painting	political	3
766	50102201	graffiti	Tempelhof-Schöneberg	main street	4	first time	poster	cartoon or comical	3
767	71355226	painting	Neukölln	side street	4	first time	poster	cartoon or comical	3
768	38973599	stencil	Friedrichshain-Kreuzberg	park	2	advanced	weathered graffiti	scenery	4
769	43660529	painting	Treptow-Köpenick	side street	3	beginner	nothing	political	1
770	95512436	painting	Mitte	side street	1	professional	weathered graffiti	people	5
771	51154540	painting	Tempelhof-Schöneberg	main street	2	advanced	weathered painting	political	4
772	81021605	painting	Neukölln	side street	1	advanced	weathered graffiti	scenery	
773	81606080	painting	Marzahn-Hellersdorf	park	3	advanced	nothing	political	2
774	88878237	graffiti	Treptow-Köpenick	side street	1	beginner	stickers and tags	scenery	2
775	42949044	painting	Charlottenburg-Wilmersdorf	public spot	3	beginner	stickers and tags	animals or plants	
776	17147418	stencil	Marzahn-Hellersdorf	main street	3	first time	poster	animals or plants	
777	14394398	graffiti	Treptow-Köpenick	park	3	professional	weathered graffiti	scenery	4
778	27969567	graffiti	Friedrichshain-Kreuzberg	public spot	4	first time	weathered painting	scenery	3
779	68071549	painting	Steglitz-Zehlendorf	side street	4	first time	weathered graffiti	conceptual	4
780	20545254	graffiti	Steglitz-Zehlendorf	side street	2	first time	weathered graffiti	animals or plants	2
781	60039656	painting	Reinickendorf	side street	1	beginner	text	animals or plants	3
782	65533660	painting	Neukölln	side street	1	advanced	recent painting	animals or plants	2
783	83579583	painting	Marzahn-Hellersdorf	main street	3	first time	recent graffiti	cartoon or comical	3
784	37079455	graffiti	Charlottenburg-Wilmersdorf	main street	4	first time	text	cartoon or comical	4
785	79297638	painting	Mitte	side street	2	beginner	recent painting	cartoon or comical	4
786	94930097	painting	Neukölln	main street	4	beginner	stickers and tags	cartoon or comical	3
787	91180253	poster	Charlottenburg-Wilmersdorf	main street	5	advanced	stickers and tags	scenery	3
788	67928745	text	Steglitz-Zehlendorf	main street	2	advanced	stickers and tags	scenery	3
789	38228249	painting	Friedrichshain-Kreuzberg	side street	1	beginner	stickers and tags	conceptual	1
790	39099701	graffiti	Marzahn-Hellersdorf	main street	4	first time	weathered graffiti	conceptual	4
791	28083402	graffiti	Neukölln	park	4	first time	text	scenery	3
792	37367743	painting	Neukölln	side street	2	first time	stickers and tags	political	5
793	15860197	painting	Steglitz-Zehlendorf	main street	2	first time	weathered painting	animals or plants	4
794	46161969	painting	Treptow-Köpenick	side street	5	advanced	weathered graffiti	political	2
795	51879002	painting	Marzahn-Hellersdorf	main street	3	advanced	weathered graffiti	animals or plants	5
796	72950981	graffiti	Lichtenberg	playground	4	first time	nothing	people	
797	53963971	poster	Spandau	side street	2	first time	weathered graffiti	scenery	2
798	87176513	painting	Lichtenberg	side street	2	first time	nothing	scenery	3
799	57052040	graffiti	Reinickendorf	park	3	first time	recent graffiti	conceptual	3
800	97415125	poster	Charlottenburg-Wilmersdorf	main street	3	beginner	stickers and tags	cartoon or comical	4
801	91287052	text	Reinickendorf	main street	2	first time	poster	people	3
802	50762604	painting	Pankow	main street	2	first time	stickers and tags	cartoon or comical	3
803	83346660	graffiti	Reinickendorf	park	4	advanced	weathered graffiti	scenery	3
804	36408231	painting	Reinickendorf	public spot	2	beginner	nothing	conceptual	1
805	21635858	painting	Neukölln	park	2	beginner	weathered graffiti	scenery	4
806	20270475	painting	Tempelhof-Schöneberg	side street	2	beginner	stickers and tags	conceptual	3
807	28066850	painting	Spandau	main street	4	advanced	stickers and tags	cartoon or comical	2
808	52474530	painting	Pankow	side street	4	advanced	text	people	4
809	50637690	graffiti	Charlottenburg-Wilmersdorf	main street	1	beginner	recent graffiti	political	4
810	78547839	poster	Charlottenburg-Wilmersdorf	side street	3	first time	weathered painting	animals or plants	3
811	45693683	painting	Steglitz-Zehlendorf	side street	4	first time	weathered painting	animals or plants	4
812	30927257	graffiti	Tempelhof-Schöneberg	public spot	3	beginner	recent painting	conceptual	4
813	30599184	graffiti	Steglitz-Zehlendorf	park	1	first time	nothing	animals or plants	4
814	81141400	painting	Steglitz-Zehlendorf	park	1	first time	stickers and tags	conceptual	4
815	94273837	painting	Charlottenburg-Wilmersdorf	side street	2	first time	weathered graffiti	animals or plants	
816	98511827	painting	Tempelhof-Schöneberg	public spot	3	first time	poster	political	2
817	34913687	painting	Tempelhof-Schöneberg	main street	2	first time	text	conceptual	2
818	91302345	painting	Lichtenberg	playground	1	beginner	nothing	political	
819	74279793	painting	Tempelhof-Schöneberg	side street	1	first time	stickers and tags	political	3
820	63747082	painting	Friedrichshain-Kreuzberg	main street	3	beginner	weathered graffiti	people	4
821	75761060	painting	Treptow-Köpenick	side street	4	beginner	stickers and tags	political	4
822	63567831	graffiti	Steglitz-Zehlendorf	side street	4	first time	weathered graffiti	conceptual	1
823	33314664	painting	Friedrichshain-Kreuzberg	playground	3	first time	weathered graffiti	people	2
824	39544413	graffiti	Charlottenburg-Wilmersdorf	public spot	4	advanced	nothing	political	5
825	52923495	painting	Lichtenberg	main street	1	beginner	text	people	5
826	44114642	graffiti	Pankow	side street	4	beginner	recent graffiti	conceptual	4
827	88174045	graffiti	Pankow	public spot	3	first time	nothing	conceptual	2
828	52743513	graffiti	Treptow-Köpenick	playground	1	advanced	poster	animals or plants	4
829	84848272	painting	Pankow	side street	2	first time	nothing	cartoon or comical	3
830	24282235	graffiti	Reinickendorf	park	2	beginner	stickers and tags	conceptual	1
831	11371512	graffiti	Marzahn-Hellersdorf	side street	4	first time	recent graffiti	animals or plants	
832	79409650	graffiti	Treptow-Köpenick	main street	4	beginner	weathered painting	cartoon or comical	3
833	32903782	graffiti	Mitte	side street	3	beginner	stickers and tags	animals or plants	4
834	60595798	painting	Treptow-Köpenick	side street	3	beginner	weathered graffiti	people	2
835	52379382	painting	Marzahn-Hellersdorf	side street	3	first time	poster	scenery	1
836	14964524	painting	Steglitz-Zehlendorf	main street	3	beginner	recent graffiti	animals or plants	4
837	15386261	poster	Friedrichshain-Kreuzberg	main street	4	beginner	weathered graffiti	political	4
838	95260352	painting	Pankow	side street	1	beginner	weathered painting	cartoon or comical	1
839	80751323	painting	Pankow	side street	2	advanced	text	political	5
840	33155937	painting	Treptow-Köpenick	main street	3	beginner	stickers and tags	political	3
841	24461676	painting	Pankow	public spot	1	advanced	nothing	animals or plants	5
842	74862350	painting	Neukölln	main street	3	beginner	weathered graffiti	scenery	4
843	31117922	painting	Marzahn-Hellersdorf	side street	4	beginner	recent graffiti	cartoon or comical	3
844	74099072	painting	Charlottenburg-Wilmersdorf	main street	2	beginner	recent painting	scenery	2
845	81326784	painting	Pankow	side street	3	advanced	recent graffiti	animals or plants	1
846	95897638	text	Lichtenberg	main street	4	beginner	poster	conceptual	3
847	57477534	poster	Neukölln	park	1	beginner	recent graffiti	cartoon or comical	5
848	20558347	graffiti	Spandau	public spot	1	beginner	stickers and tags	people	3
849	95307920	painting	Mitte	park	4	first time	nothing	animals or plants	3
850	59759959	painting	Neukölln	park	1	beginner	nothing	political	2
851	87741415	graffiti	Lichtenberg	side street	4	advanced	weathered graffiti	animals or plants	4
852	43913694	poster	Charlottenburg-Wilmersdorf	side street	1	advanced	stickers and tags	people	3
853	25929293	painting	Mitte	main street	1	advanced	stickers and tags	conceptual	2
854	69028153	painting	Charlottenburg-Wilmersdorf	public spot	3	advanced	text	people	4
855	44101608	graffiti	Pankow	park	4	beginner	nothing	people	4
856	99528717	graffiti	Reinickendorf	side street	3	advanced	recent graffiti	people	4
857	82030636	graffiti	Mitte	main street	3	first time	weathered painting	cartoon or comical	4
858	95618679	graffiti	Pankow	playground	1	beginner	nothing	conceptual	5
859	22159075	graffiti	Treptow-Köpenick	public spot	3	advanced	nothing	political	5
860	43916751	painting	Charlottenburg-Wilmersdorf	main street	2	first time	recent graffiti	conceptual	4
861	43733788	painting	Charlottenburg-Wilmersdorf	side street	3	first time	weathered graffiti	conceptual	4
862	71814983	stencil	Friedrichshain-Kreuzberg	side street	3	beginner	recent graffiti	political	3
863	33887242	painting	Lichtenberg	side street	3	first time	weathered painting	scenery	1
864	81002493	graffiti	Steglitz-Zehlendorf	park	4	advanced	stickers and tags	scenery	
865	68245487	painting	Spandau	side street	1	beginner	recent painting	scenery	4
866	14506979	graffiti	Reinickendorf	side street	2	first time	poster	cartoon or comical	4
867	80576477	painting	Reinickendorf	side street	3	advanced	nothing	scenery	2
868	59767526	graffiti	Marzahn-Hellersdorf	public spot	5	advanced	weathered painting	people	4
869	46144248	graffiti	Charlottenburg-Wilmersdorf	main street	2	first time	stickers and tags	conceptual	3
870	53323406	poster	Friedrichshain-Kreuzberg	main street	5	beginner	weathered painting	animals or plants	3
871	80315779	painting	Steglitz-Zehlendorf	side street	2	beginner	nothing	cartoon or comical	4
872	72116993	painting	Tempelhof-Schöneberg	park	3	beginner	nothing	political	5
873	82749812	painting	Marzahn-Hellersdorf	side street	1	advanced	nothing	animals or plants	4
874	35076414	graffiti	Tempelhof-Schöneberg	park	1	first time	weathered graffiti	political	2
875	80852638	painting	Spandau	side street	3	advanced	recent graffiti	political	2
876	16698788	poster	Lichtenberg	side street	2	first time	weathered graffiti	scenery	4
877	29208080	painting	Friedrichshain-Kreuzberg	side street	1	first time	weathered painting	cartoon or comical	3
878	50467536	painting	Pankow	side street	4	first time	stickers and tags	conceptual	1
879	11901940	graffiti	Tempelhof-Schöneberg	park	1	first time	nothing	political	4
880	88535952	graffiti	Reinickendorf	main street	2	professional	poster	animals or plants	4
881	19616046	painting	Tempelhof-Schöneberg	side street	3	beginner	weathered painting	conceptual	1
882	99631659	painting	Charlottenburg-Wilmersdorf	side street	2	first time	recent painting	scenery	4
883	76211416	graffiti	Friedrichshain-Kreuzberg	main street	5	advanced	weathered graffiti	animals or plants	2
884	45409096	painting	Spandau	public spot	3	first time	weathered graffiti	political	2
885	42950781	painting	Lichtenberg	main street	4	beginner	weathered painting	scenery	3
886	89236602	text	Lichtenberg	side street	4	advanced	weathered painting	political	5
887	76355392	poster	Steglitz-Zehlendorf	main street	1	first time	weathered graffiti	people	3
888	26907340	painting	Treptow-Köpenick	side street	3	beginner	poster	conceptual	
889	98029066	painting	Mitte	side street	1	advanced	stickers and tags	people	3
890	28044361	graffiti	Mitte	park	1	beginner	poster	cartoon or comical	4
891	93877348	painting	Friedrichshain-Kreuzberg	main street	5	first time	stickers and tags	scenery	4
892	27655334	poster	Reinickendorf	public spot	2	first time	stickers and tags	people	5
893	60558338	painting	Marzahn-Hellersdorf	park	1	first time	weathered graffiti	cartoon or comical	
894	45544406	painting	Charlottenburg-Wilmersdorf	main street	2	beginner	weathered graffiti	people	3
895	30577071	graffiti	Friedrichshain-Kreuzberg	side street	1	professional	nothing	people	5
896	79222973	graffiti	Treptow-Köpenick	main street	2	advanced	stickers and tags	conceptual	3
897	49332245	painting	Marzahn-Hellersdorf	park	2	first time	recent graffiti	people	3
898	11233432	painting	Pankow	side street	1	professional	recent graffiti	people	3
899	80956075	graffiti	Marzahn-Hellersdorf	public spot	2	advanced	text	people	2
900	28193424	graffiti	Pankow	park	2	advanced	weathered painting	people	3
901	76425790	poster	Marzahn-Hellersdorf	park	2	first time	weathered painting	conceptual	1
902	79574590	poster	Pankow	main street	1	beginner	weathered painting	political	5
903	64411506	graffiti	Pankow	park	2	beginner	stickers and tags	animals or plants	4
904	67103937	painting	Treptow-Köpenick	side street	1	beginner	weathered graffiti	people	
905	24461621	text	Tempelhof-Schöneberg	playground	1	first time	nothing	scenery	5
906	74243518	stencil	Marzahn-Hellersdorf	park	4	first time	stickers and tags	conceptual	3
907	54001314	painting	Pankow	side street	1	beginner	weathered graffiti	animals or plants	4
908	96633841	painting	Steglitz-Zehlendorf	main street	2	first time	recent painting	cartoon or comical	3
909	70203042	painting	Spandau	main street	1	advanced	weathered graffiti	animals or plants	5
910	79100197	painting	Reinickendorf	main street	1	beginner	stickers and tags	political	2
911	27469279	painting	Tempelhof-Schöneberg	main street	2	advanced	stickers and tags	scenery	3
912	28819800	graffiti	Reinickendorf	park	3	beginner	stickers and tags	animals or plants	3
913	37372099	graffiti	Spandau	side street	2	professional	stickers and tags	animals or plants	5
914	52958923	painting	Charlottenburg-Wilmersdorf	public spot	2	first time	poster	cartoon or comical	3
915	13507720	painting	Treptow-Köpenick	main street	5	beginner	stickers and tags	political	4
916	46144322	painting	Treptow-Köpenick	public spot	2	first time	recent graffiti	cartoon or comical	2
917	66228974	painting	Pankow	side street	4	beginner	stickers and tags	animals or plants	3
918	23173421	painting	Neukölln	park	3	first time	nothing	cartoon or comical	3
919	60703807	poster	Mitte	main street	4	beginner	poster	political	3
920	99366524	painting	Marzahn-Hellersdorf	main street	2	first time	weathered graffiti	political	
921	29105803	painting	Tempelhof-Schöneberg	main street	2	first time	text	conceptual	4
922	58240406	painting	Reinickendorf	public spot	2	first time	weathered graffiti	political	3
923	96550004	graffiti	Reinickendorf	main street	5	professional	weathered painting	cartoon or comical	3
924	58062084	painting	Neukölln	side street	2	advanced	poster	people	5
925	92697086	text	Neukölln	side street	4	beginner	weathered graffiti	animals or plants	3
926	65158879	graffiti	Mitte	side street	2	advanced	weathered painting	conceptual	5
927	72697474	poster	Neukölln	side street	3	first time	recent graffiti	conceptual	4
928	79386837	painting	Steglitz-Zehlendorf	side street	4	advanced	recent painting	political	5
929	77458581	painting	Reinickendorf	park	1	first time	weathered painting	animals or plants	3
930	94695118	painting	Lichtenberg	main street	2	advanced	text	people	5
931	18275368	graffiti	Treptow-Köpenick	side street	1	first time	stickers and tags	cartoon or comical	2
932	42348043	painting	Lichtenberg	side street	3	professional	poster	political	3
933	10396518	painting	Lichtenberg	main street	3	first time	weathered graffiti	animals or plants	1
934	94394702	graffiti	Lichtenberg	park	3	beginner	stickers and tags	cartoon or comical	4
935	23592876	painting	Reinickendorf	side street	2	beginner	weathered graffiti	people	3
936	75654709	graffiti	Marzahn-Hellersdorf	public spot	3	beginner	weathered graffiti	cartoon or comical	4
937	37905319	graffiti	Friedrichshain-Kreuzberg	park	2	beginner	poster	animals or plants	
938	14479959	poster	Pankow	public spot	3	first time	stickers and tags	animals or plants	4
939	11290353	poster	Spandau	public spot	5	first time	stickers and tags	animals or plants	2
940	55534300	painting	Spandau	public spot	2	first time	weathered graffiti	conceptual	1
941	25978863	painting	Mitte	park	2	beginner	nothing	cartoon or comical	4
942	78791183	painting	Marzahn-Hellersdorf	side street	3	first time	nothing	cartoon or comical	1
943	43452416	poster	Treptow-Köpenick	side street	1	first time	poster	scenery	4
944	49450055	graffiti	Lichtenberg	playground	3	professional	weathered graffiti	animals or plants	
945	10525547	painting	Treptow-Köpenick	main street	3	first time	weathered graffiti	people	
946	18672788	painting	Tempelhof-Schöneberg	side street	3	advanced	weathered painting	cartoon or comical	4
947	93483008	graffiti	Mitte	playground	5	first time	nothing	scenery	3
948	28842721	painting	Reinickendorf	side street	3	beginner	weathered graffiti	political	4
949	61151203	graffiti	Friedrichshain-Kreuzberg	side street	3	first time	nothing	animals or plants	4
950	87086386	painting	Marzahn-Hellersdorf	side street	3	professional	weathered painting	animals or plants	3
951	14449337	graffiti	Reinickendorf	side street	3	beginner	weathered graffiti	cartoon or comical	5
952	94269497	graffiti	Friedrichshain-Kreuzberg	park	2	first time	nothing	scenery	4
953	24420655	poster	Lichtenberg	side street	3	beginner	nothing	scenery	3
954	94027855	graffiti	Marzahn-Hellersdorf	side street	2	advanced	stickers and tags	conceptual	3
955	92374617	painting	Neukölln	side street	4	beginner	text	cartoon or comical	3
956	18732525	graffiti	Marzahn-Hellersdorf	main street	1	advanced	nothing	conceptual	2
957	63105951	painting	Treptow-Köpenick	side street	4	first time	weathered graffiti	people	3
958	11216256	graffiti	Spandau	playground	3	first time	weathered painting	conceptual	2
959	98688681	painting	Marzahn-Hellersdorf	main street	3	first time	poster	animals or plants	3
960	84000230	graffiti	Mitte	park	3	first time	weathered painting	political	2
961	96664887	painting	Charlottenburg-Wilmersdorf	public spot	3	beginner	recent graffiti	political	4
962	60973086	graffiti	Marzahn-Hellersdorf	park	4	advanced	recent graffiti	political	3
963	11021883	painting	Treptow-Köpenick	playground	1	beginner	weathered graffiti	conceptual	4
964	18592350	graffiti	Marzahn-Hellersdorf	main street	4	first time	poster	political	3
965	55089411	painting	Tempelhof-Schöneberg	main street	3	beginner	stickers and tags	people	3
966	20017538	poster	Charlottenburg-Wilmersdorf	main street	2	beginner	nothing	political	4
967	99967354	painting	Pankow	main street	4	beginner	weathered graffiti	conceptual	3
968	71398874	painting	Pankow	main street	3	professional	recent graffiti	political	5
969	53101810	painting	Tempelhof-Schöneberg	main street	1	professional	weathered graffiti	political	4
970	80654254	graffiti	Spandau	side street	2	beginner	weathered graffiti	cartoon or comical	2
971	11730956	poster	Pankow	main street	3	beginner	recent graffiti	political	3
972	67599596	graffiti	Treptow-Köpenick	public spot	3	beginner	weathered painting	cartoon or comical	4
973	80317688	poster	Mitte	main street	2	advanced	nothing	conceptual	5
974	58598604	painting	Pankow	playground	4	beginner	nothing	political	
975	30512202	painting	Steglitz-Zehlendorf	park	3	first time	poster	conceptual	3
976	33297009	painting	Neukölln	park	2	beginner	stickers and tags	animals or plants	3
977	46156875	graffiti	Pankow	side street	4	beginner	recent graffiti	scenery	4
978	55135130	text	Pankow	main street	1	first time	text	cartoon or comical	3
979	33231485	graffiti	Spandau	main street	1	beginner	stickers and tags	cartoon or comical	2
980	78060836	graffiti	Charlottenburg-Wilmersdorf	public spot	2	first time	text	people	4
981	78946562	painting	Marzahn-Hellersdorf	side street	1	first time	stickers and tags	cartoon or comical	2
982	99502906	graffiti	Steglitz-Zehlendorf	side street	4	beginner	weathered painting	people	
983	93289932	painting	Mitte	side street	2	beginner	stickers and tags	scenery	2
984	60115490	painting	Pankow	side street	4	first time	weathered graffiti	people	3
985	78680991	graffiti	Friedrichshain-Kreuzberg	side street	3	first time	stickers and tags	people	2
986	31607474	painting	Charlottenburg-Wilmersdorf	main street	1	beginner	nothing	cartoon or comical	4
987	32462434	painting	Reinickendorf	side street	3	beginner	weathered graffiti	conceptual	4
988	68676987	painting	Mitte	public spot	4	first time	text	animals or plants	4
989	87901602	graffiti	Mitte	main street	1	beginner	stickers and tags	scenery	1
990	86012726	painting	Friedrichshain-Kreuzberg	public spot	1	beginner	recent graffiti	animals or plants	3
991	87502449	text	Reinickendorf	side street	2	advanced	weathered painting	conceptual	1
992	21614939	painting	Charlottenburg-Wilmersdorf	park	3	beginner	stickers and tags	animals or plants	2
993	52755665	painting	Pankow	park	1	advanced	recent graffiti	political	4
994	19160617	painting	Mitte	main street	3	first time	text	scenery	3
995	26655817	graffiti	Tempelhof-Schöneberg	main street	3	advanced	recent graffiti	cartoon or comical	4
996	45363527	graffiti	Treptow-Köpenick	side street	2	beginner	nothing	scenery	1
997	93879000	graffiti	Mitte	side street	4	first time	text	scenery	3
998	28776927	graffiti	Tempelhof-Schöneberg	side street	1	beginner	recent graffiti	people	4
999	81134229	poster	Treptow-Köpenick	side street	2	beginner	recent painting	conceptual	3
